<?xml version="1.0" encoding="ISO-8859-1"?>
<metadata>
	<idinfo>
		<citation>
			<citeinfo>
				<origin>Center for Interdisciplinary Geospatial Information Technologies,  Delta State University</origin>
				<pubdate>2007-2008</pubdate>
				<title Sync="TRUE">FL_USNG_UTM17</title>
				<edition>1.0</edition>
				<geoform Sync="TRUE">vector digital data</geoform>
				<ftname Sync="TRUE">FL_USNG_UTM17</ftname><onlink Sync="TRUE">\\GISLABSUBU\E$\Subbu\ADATA\Florida\Florida_USNG\FL_USNG_UTM17.shp</onlink></citeinfo>
		</citation>
		<descript>
			<abstract>This is a polygon feature data layer of  United States National Grid (1000m x 1000m polygons ) constructed by the Center for Interdisciplinary Geospatial Information Technologies at Delta State University with support from the US Geological Survey under the Cooperative Agreement 07ERAG0083.  For correct display, please set the base coordinate system and projection such that it matches the UTM zone for which these data were constructed using the NAD 83 datum.  Further information about the US National Grid is available from http://www.fgdc.gov/usng and a viewing of these layers as applied to local geography may be seen at the National Map, http://www.nationalmap.gov.


The name of each dataset has the following format -  StateAbbv_USNG_UTMXX. For example, for the UTM zone 15 of Mississippi, the dataset is named MS_USNG_UTM15. </abstract>
			<purpose>The purpose of this data layer is to enable and promote the use of US National Grid as an "attributed polygon overlay" over other feature data layers in paper and digital maps.</purpose>
			<langdata Sync="TRUE">en</langdata></descript>
		<timeperd>
			<timeinfo>
				<rngdates><begdate>2007</begdate><enddate>2008</enddate></rngdates></timeinfo>
			<current>publication date</current>
		</timeperd>
		<status>
			<progress>Complete</progress>
			<update>None planned</update>
		</status>
		<spdom>
			<bounding>
				<westbc Sync="TRUE">-84.033753</westbc>
				<eastbc Sync="TRUE">-79.963794</eastbc>
				<northbc Sync="TRUE">30.931406</northbc>
				<southbc Sync="TRUE">24.413492</southbc>
			</bounding>
			<lboundng><leftbc Sync="TRUE">210000.585803</leftbc><rightbc Sync="TRUE">599000.041605</rightbc><bottombc Sync="TRUE">2702999.954402</bottombc><topbc Sync="TRUE">3422000.045420</topbc></lboundng></spdom>
		<keywords>
			<theme>
				<themekt>US National Grid</themekt>
				<themekey>USNG</themekey>
			</theme>
			<place><placekt>Florida, United States</placekt><placekey>FL</placekey></place></keywords>
		<accconst>This data set should not be used for commercial purposes. It can be freely used for public good by academic and for emergency/disaster response. Please contact the Delta State GIS Center at 662 846 4522 for clarification.</accconst>
		<useconst>The Information contained in this map was derived from a variety of public and private sources. The GIS Center  and Delta State University make no warranties as to the completeness, accuracy, reliability or suitability of the source data or for any conclusions derived from this map. Use at your own risk.</useconst>
		<ptcontac>
			<cntinfo>
				<cntperp>
					<cntper>Subramanian Swaminathan</cntper>
					<cntorg>Center for Interdisciplinary Geospatial Information Technologies</cntorg>
				</cntperp>
				<cntpos>GIS Coordinator</cntpos>
				<cntvoice>(662) 846 4522</cntvoice>
				<cntemail>sswaminathan@deltastate.edu</cntemail>
				<cntfax>(662) 846 4099</cntfax></cntinfo>
		</ptcontac>
		<datacred>Center for Interdisciplinary Geospatial Information Technologies, Delta State University, Cleveland Mississippi 38733</datacred>
		<native Sync="TRUE">Microsoft Windows XP Version 5.1 (Build 2600) Service Pack 2; ESRI ArcCatalog 9.2.2.1350</native>
		<natvform Sync="TRUE">Shapefile</natvform></idinfo>
	<dataqual>
		<lineage>
			<procstep>
				<procdesc>Dataset copied.</procdesc>
			</procstep>
			<procstep>
				<procdesc>Dataset copied.</procdesc>
				<srcused>\\GISLABSUBU\E$\Subbu\Databases\MS_USNG\MS_USNG.mdb</srcused>
			</procstep>
			<procstep><procdesc Sync="TRUE">Metadata imported.</procdesc><srcused Sync="TRUE">C:\DOCUME~1\Subbu\LOCALS~1\Temp\xml2DD.tmp</srcused><date Sync="TRUE">20070124</date><time Sync="TRUE">12452800</time></procstep><procstep><procdesc Sync="TRUE">Metadata imported.</procdesc><srcused Sync="TRUE">E:\Subbu\Databases\Metadata\USNGMetadata.xml</srcused><date Sync="TRUE">20070912</date><time Sync="TRUE">15212200</time></procstep><procstep><procdesc Sync="TRUE">Metadata imported.</procdesc><srcused Sync="TRUE">E:\Subbu\Databases\Metadata\TX_USNG_UTM15.xml</srcused><date Sync="TRUE">20071002</date><time Sync="TRUE">11520300</time></procstep><procstep><procdesc Sync="TRUE">Metadata imported.</procdesc><srcused Sync="TRUE">E:\Subbu\Databases\Metadata\FL_USNG_UTM16.xml</srcused><date Sync="TRUE">20071002</date><time Sync="TRUE">11530800</time></procstep></lineage>
	</dataqual>
	<spdoinfo>
		<direct Sync="TRUE">Vector</direct>
		<ptvctinf>
			<sdtsterm Name="FL_USNG_UTM17">
				<sdtstype Sync="TRUE">G-polygon</sdtstype>
				<ptvctcnt Sync="TRUE">0</ptvctcnt>
			</sdtsterm>
			<esriterm Name="FL_USNG_UTM17"><efeatyp Sync="TRUE">Simple</efeatyp><efeageom Sync="TRUE">Polygon</efeageom><esritopo Sync="TRUE">FALSE</esritopo><efeacnt Sync="TRUE">0</efeacnt><spindex Sync="TRUE">FALSE</spindex><linrefer Sync="TRUE">FALSE</linrefer></esriterm></ptvctinf>
	</spdoinfo>
	<spref>
		<horizsys>
			<planar>
				<planci>
					<plance Sync="TRUE">coordinate pair</plance>
					<coordrep>
						<absres Sync="TRUE">0.000000</absres>
						<ordres Sync="TRUE">0.000000</ordres>
					</coordrep>
					<plandu Sync="TRUE">meters</plandu>
				</planci>
				<gridsys><gridsysn Sync="TRUE">Universal Transverse Mercator</gridsysn><utm><utmzone Sync="TRUE">17</utmzone><transmer><sfctrmer Sync="TRUE">0.999600</sfctrmer><longcm Sync="TRUE">-81.000000</longcm><latprjo Sync="TRUE">0.000000</latprjo><feast Sync="TRUE">500000.000000</feast><fnorth Sync="TRUE">0.000000</fnorth></transmer></utm></gridsys></planar>
			<geodetic>
				<horizdn Sync="TRUE">North American Datum of 1983</horizdn>
				<ellips Sync="TRUE">Geodetic Reference System 80</ellips>
				<semiaxis Sync="TRUE">6378137.000000</semiaxis>
				<denflat Sync="TRUE">298.257222</denflat>
			</geodetic>
			<cordsysn><geogcsn Sync="TRUE">GCS_North_American_1983</geogcsn><projcsn Sync="TRUE">NAD_1983_UTM_Zone_17N</projcsn></cordsysn></horizsys>
		<vertdef>
			<altsys>
				<altres Sync="TRUE">0.000003</altres>
				<altenc Sync="TRUE">Explicit elevation coordinate included with horizontal coordinates</altenc>
			</altsys>
		</vertdef>
	</spref>
	<eainfo>
		<detailed Name="FL_USNG_UTM17">
			<enttyp>
				<enttypl Sync="TRUE">FL_USNG_UTM17</enttypl>
				<enttypt Sync="TRUE">Feature Class</enttypt><enttypc Sync="TRUE">0</enttypc></enttyp>
			<attr><attrlabl Sync="TRUE">Shape</attrlabl><attalias Sync="TRUE">Shape</attalias><attrtype Sync="TRUE">Geometry</attrtype><attwidth Sync="TRUE">0</attwidth><atprecis Sync="TRUE">0</atprecis><attscale Sync="TRUE">0</attscale><attrdef Sync="TRUE">Feature geometry.</attrdef><attrdefs Sync="TRUE">ESRI</attrdefs><attrdomv><udom Sync="TRUE">Coordinates defining the features.</udom></attrdomv></attr><attr>
				<attrlabl>Northings</attrlabl>
				<attrdef>Lower left Northings of the 1000m USNG Grid Box</attrdef>
				<attrtype Sync="TRUE">String</attrtype><attwidth Sync="TRUE">10</attwidth></attr>
			<attr>
				<attrlabl>Eastings</attrlabl>
				<attrdef>Lower left Eastings of the 1000m USNG Grid Box</attrdef>
				<attrtype Sync="TRUE">String</attrtype><attwidth Sync="TRUE">10</attwidth></attr>
			<attr>
				<attrlabl>GRID100K</attrlabl>
				<attrdef>100000m USNG Square ID</attrdef>
				<attrtype Sync="TRUE">String</attrtype><attwidth Sync="TRUE">10</attwidth></attr>
			<attr>
				<attrlabl>GRID1MIL</attrlabl>
				<attrdef>USNG Grid Zone Designator (GZD)</attrdef>
				<attrtype Sync="TRUE">String</attrtype><attwidth Sync="TRUE">3</attwidth></attr>
			<attr><attrlabl Sync="TRUE">Shape_Area</attrlabl><attalias Sync="TRUE">Shape_Area</attalias><attrtype Sync="TRUE">String</attrtype><attwidth Sync="TRUE">2</attwidth><attrdef Sync="TRUE">Area of feature in internal units squared.</attrdef><attrdefs Sync="TRUE">ESRI</attrdefs><attrdomv><udom Sync="TRUE">Positive real numbers that are automatically generated.</udom></attrdomv></attr><attr><attrlabl Sync="TRUE">USNG</attrlabl><attalias Sync="TRUE">USNG</attalias><attrtype Sync="TRUE">String</attrtype><attwidth Sync="TRUE">15</attwidth><attrdef>The fully qualified USNG coordinate describing the lower left corner of a 1000-m x 1000m polygon (area)</attrdef></attr><attr><attrlabl Sync="TRUE">FID</attrlabl><attalias Sync="TRUE">FID</attalias><attrtype Sync="TRUE">Float</attrtype><attwidth Sync="TRUE">19</attwidth><attrdef Sync="TRUE">Internal feature number.</attrdef><attrdefs Sync="TRUE">ESRI</attrdefs><attrdomv><udom Sync="TRUE">Sequential unique whole numbers that are automatically generated.</udom></attrdomv><atnumdec Sync="TRUE">11</atnumdec></attr><attr><attrlabl Sync="TRUE">Shape_Leng</attrlabl><attalias Sync="TRUE">Shape_Leng</attalias><attrtype Sync="TRUE">Float</attrtype><attwidth Sync="TRUE">19</attwidth><atnumdec Sync="TRUE">11</atnumdec></attr></detailed>
	</eainfo>
	<distinfo>
		<resdesc>Downloadable Data</resdesc>
		<stdorder>
			<digform>
				<digtinfo>
					<transize>13.632</transize>
					<dssize Sync="TRUE">0.000</dssize></digtinfo>
			</digform>
		</stdorder>
	</distinfo>
	<metainfo>
		<metd Sync="TRUE">20071002</metd>
		<metc>
			<cntinfo>
				<cntorgp>
					<cntorg>Center for Interdisciplinary Geospatial Information Technologies</cntorg>
					<cntper>Subu Swaminathan</cntper>
				</cntorgp>
				<cntaddr>
					<addrtype>mailing address</addrtype>
					<city>Cleveland</city>
					<state>Mississippi</state>
					<postal>38733</postal>
					<address>Box 3325, Delta State University</address><country>US</country></cntaddr>
				<cntvoice>(662) 846 4522</cntvoice>
				<cntpos>GIS Coordinator</cntpos><cntemail>sswaminathan@deltastate.edu</cntemail><cntfax>(662) 846 4099</cntfax></cntinfo>
		</metc>
		<metstdn Sync="TRUE">FGDC Content Standards for Digital Geospatial Metadata</metstdn>
		<metstdv Sync="TRUE">FGDC-STD-001-1998</metstdv>
		<mettc Sync="TRUE">local time</mettc>
		<metextns>
			<onlink>http://www.esri.com/metadata/esriprof80.html</onlink>
			<metprof>ESRI Metadata Profile</metprof>
		</metextns>
		<langmeta Sync="TRUE">en</langmeta><metextns><onlink Sync="TRUE">http://www.esri.com/metadata/esriprof80.html</onlink><metprof Sync="TRUE">ESRI Metadata Profile</metprof></metextns></metainfo>
	<Esri><CreaDate>20071002</CreaDate><CreaTime>11530800</CreaTime><SyncOnce>FALSE</SyncOnce><SyncDate>20071002</SyncDate><SyncTime>11573600</SyncTime><ModDate>20071002</ModDate><ModTime>11573600</ModTime><MetaID>{3C0104FB-4A51-425C-8271-00E4356A6CD1}</MetaID><DataProperties><lineage><Process ToolSource="F:\ARCGIS\ArcToolbox\Toolboxes\Data Management Tools.tbx\CopyFeatures" Date="20071002" Time="115915">CopyFeatures E:\Subbu\Databases\Florida\FL_USNG_Final.mdb\FL_USNG_UTM17 E:\Subbu\ADATA\Florida\Florida_USNG\FL_USNG_UTM17.shp # 0 0 0</Process></lineage></DataProperties></Esri><dataIdInfo><envirDesc Sync="TRUE">Microsoft Windows XP Version 5.1 (Build 2600) Service Pack 2; ESRI ArcCatalog 9.2.2.1350</envirDesc><dataLang><languageCode Sync="TRUE" value="en"></languageCode></dataLang><idCitation><resTitle Sync="TRUE">FL_USNG_UTM17</resTitle><presForm><PresFormCd Sync="TRUE" value="005"></PresFormCd></presForm></idCitation><spatRpType><SpatRepTypCd Sync="TRUE" value="001"></SpatRepTypCd></spatRpType><dataExt><geoEle><GeoBndBox esriExtentType="native"><westBL Sync="TRUE">210000.585803</westBL><eastBL Sync="TRUE">599000.041605</eastBL><northBL Sync="TRUE">3422000.04542</northBL><southBL Sync="TRUE">2702999.954402</southBL><exTypeCode Sync="TRUE">1</exTypeCode></GeoBndBox></geoEle></dataExt><geoBox esriExtentType="decdegrees"><westBL Sync="TRUE">-84.033753</westBL><eastBL Sync="TRUE">-79.963794</eastBL><northBL Sync="TRUE">30.931406</northBL><southBL Sync="TRUE">24.413492</southBL><exTypeCode Sync="TRUE">1</exTypeCode></geoBox></dataIdInfo><mdLang><languageCode Sync="TRUE" value="en"></languageCode></mdLang><mdStanName Sync="TRUE">ISO 19115 Geographic Information - Metadata</mdStanName><mdStanVer Sync="TRUE">DIS_ESRI1.0</mdStanVer><mdChar><CharSetCd Sync="TRUE" value="004"></CharSetCd></mdChar><mdHrLv><ScopeCd Sync="TRUE" value="005"></ScopeCd></mdHrLv><mdHrLvName Sync="TRUE">dataset</mdHrLvName><distInfo><distributor><distorTran><onLineSrc><orDesc Sync="TRUE">002</orDesc><linkage Sync="TRUE">file://\\GISLABSUBU\E$\Subbu\ADATA\Florida\Florida_USNG\FL_USNG_UTM17.shp</linkage><protocol Sync="TRUE">Local Area Network</protocol></onLineSrc><transSize Sync="TRUE">0.000</transSize></distorTran><distorFormat><formatName Sync="TRUE">Shapefile</formatName></distorFormat></distributor></distInfo><refSysInfo><RefSystem><refSysID><identCode Sync="TRUE">NAD_1983_UTM_Zone_17N</identCode></refSysID></RefSystem></refSysInfo><spatRepInfo><VectSpatRep><topLvl><TopoLevCd Sync="TRUE" value="001"></TopoLevCd></topLvl><geometObjs Name="FL_USNG_UTM17"><geoObjTyp><GeoObjTypCd Sync="TRUE" value="001"></GeoObjTypCd></geoObjTyp><geoObjCnt Sync="TRUE">0</geoObjCnt></geometObjs></VectSpatRep></spatRepInfo><mdDateSt Sync="TRUE">20071002</mdDateSt></metadata>
